FID	IID	bin	cat	pp	pc	gc	sex	age	weight	race	rs1876152	rs1876152_code
648	126_S_0680	2	NL-MCI	0.113385	0.064787	0.055898	1	80.84	86.03	5	GA	1
339	029_S_1318	2	MCI-AD	0.086188	0.069976	0.030261	2	85.42	57.81	5	GA	1
756	009_S_1030	2	MCI-AD	0.231910	0.202565	0.111266	1	69.83	71.54	5	AA	2
794	037_S_0552	2	MCI-AD	0.061861	0.081898	0.040313	2	61.97	68.60	5	GA	1
355	005_S_0610	1	NL-NL	0.045015	0.048184	-0.007156	1	81.74	84.17	5	GG	0
73	114_S_0173	1	NL-NL	0.051977	0.046893	0.033273	1	76.31	73.54	5	GA	1
48	072_S_0315	1	NL-NL	-0.026038	-0.004945	-0.001389	1	74.89	78.37	5	GA	1
592	114_S_1106	2	MCI-AD	0.243450	0.183348	0.111309	2	76.64	86.25	5	AA	2
270	099_S_0051	2	MCI-AD	0.058447	0.104587	0.105219	1	68.64	79.54	5	GA	1
104	057_S_1007	2	MCI-AD	-0.024655	0.029913	-0.031064	1	74.31	105.24	5	GA	1
710	128_S_0272	1	NL-NL	0.040840	-0.023466	-0.013127	2	73.04	71.76	5	GA	1
466	099_S_0352	1	NL-NL	-0.105236	-0.067153	-0.041274	2	79.40	76.91	5	GG	0
228	130_S_0285	2	MCI-MCI	0.087756	0.081187	0.077630	1	68.30	76.24	5	GA	1
365	114_S_0378	2	MCI-AD	0.233007	0.184285	0.133364	2	71.85	64.94	5	GA	1
563	137_S_0972	2	NL-MCI	0.091577	0.106800	0.059337	1	80.36	72.01	5	GA	1
381	021_S_0626	2	MCI-MCI	0.057095	0.014905	0.005629	1	85.11	75.47	5	GG	0
732	126_S_0709	2	MCI-MCI	-0.019729	0.005034	-0.006558	1	86.59	72.36	5	GA	1
326	041_S_0679	2	MCI-MCI	0.004146	0.018056	0.006653	1	65.61	97.51	5	GA	1
307	013_S_1186	2	MCI-MCI	0.014911	0.017969	-0.015750	1	85.47	76.41	5	GA	1
709	128_S_0230	2	NL-AD	0.169332	0.152775	0.091079	1	83.09	75.30	5	GA	1
486	018_S_0142	2	MCI-MCI	0.007919	-0.037670	-0.031618	1	81.68	70.23	5	GA	1
196	037_S_0454	2	NL-MCI	0.141958	0.128156	0.112085	2	83.90	56.46	5	AA	2
264	022_S_0130	1	NL-NL	0.225354	0.289902	0.121456	1	75.99	77.07	5	GA	1
22	011_S_0023	1	NL-NL	0.059310	0.030672	0.015329	1	74.72	94.47	4	GG	0
689	037_S_1078	2	MCI-AD	0.080760	0.050708	0.042605	1	73.48	89.73	5	GG	0
817	053_S_0919	2	MCI-MCI	0.005156	-0.076993	-0.026720	1	65.04	88.71	5	GG	0
766	073_S_0746	2	MCI-MCI	0.087648	0.064731	0.048135	2	76.60	54.59	5	GA	1
392	128_S_1043	2	MCI-AD	0.068746	0.018461	0.017521	1	70.52	88.23	5	GA	1
261	137_S_0722	2	MCI-MCI	0.029738	0.033342	-0.011646	1	72.53	101.59	5	GA	1
175	033_S_0906	2	MCI-AD	0.140809	0.139744	0.079690	2	67.65	69.90	5	AA	2
615	114_S_0416	1	NL-NL	-0.053112	-0.039905	-0.030350	2	75.63	49.44	5	GG	0
67	041_S_1418	2	MCI-MCI	-0.036031	-0.017486	-0.019032	1	83.94	66.01	5	GA	1
200	100_S_0047	1	NL-NL	0.002322	0.019380	-0.026909	1	86.92	88.60	5	GA	1
697	128_S_0225	2	MCI-MCI	0.085352	0.075694	0.053591	2	85.53	61.13	5	GA	1
705	128_S_0863	1	NL-NL	0.100955	0.104525	0.094616	1	81.08	71.98	5	GA	1
528	027_S_0074	1	NL-NL	0.034869	0.078613	0.038431	1	81.14	78.74	5	AA	2
356	005_S_0546	2	MCI-MCI	0.059620	0.045006	0.043378	1	81.47	99.80	5	GA	1
751	941_S_1195	1	NL-NL	-0.057074	-0.027663	-0.036062	1	80.14	78.48	5	GA	1
340	027_S_0120	1	NL-NL	-0.008222	0.039048	0.009149	1	74.96	79.14	5	GG	0
193	031_S_0618	1	NL-NL	-0.094716	-0.109785	-0.028783	1	77.39	124.50	5	GG	0
814	057_S_0934	1	NL-NL	-0.050940	-0.054565	-0.038208	2	72.13	64.90	5	GA	1
288	137_S_0800	2	MCI-MCI	0.022701	0.033174	0.013026	1	76.45	74.53	5	GA	1
5	018_S_0055	2	NL-MCI	0.065845	0.057471	-0.001861	1	78.20	92.98	5	GA	1
604	032_S_0214	2	MCI-AD	0.167777	0.155922	0.079738	1	67.78	70.47	5	AA	2
804	027_S_0408	2	MCI-AD	0.127958	0.140110	0.089513	1	84.85	67.26	5	GA	1
416	099_S_0291	2	MCI-NL	-0.016216	0.035949	-0.036980	1	81.49	80.16	5	GG	0
150	131_S_0123	2	NL-MCI	0.002079	0.053369	0.059162	1	76.04	65.16	5	GA	1
357	011_S_0021	1	NL-NL	0.133312	0.130642	0.098058	2	75.53	74.26	4	GA	1
260	006_S_0498	1	NL-NL	-0.000129	0.027360	-0.007692	1	73.32	83.45	5	GG	0
164	052_S_1346	2	MCI-AD	0.094373	0.048561	0.032889	1	75.03	78.10	5	GA	1
590	114_S_1118	2	MCI-MCI	0.072926	0.042876	0.034032	1	85.20	77.74	5	GA	1
610	033_S_0741	1	NL-NL	0.021425	0.021812	-0.000409	2	82.76	71.21	5	GA	1
696	137_S_0301	1	NL-NL	-0.001344	-0.018540	-0.006929	2	76.29	78.06	5	GA	1
335	007_S_0101	2	MCI-AD	0.083822	0.089437	0.063766	1	75.80	92.03	5	GG	0
501	009_S_0842	2	NL-MCI	0.237714	0.246733	0.171369	1	76.13	65.91	5	AA	2
168	037_S_0150	2	MCI-MCI	-0.006105	-0.001249	-0.007201	1	76.03	87.43	5	GA	1
376	116_S_0361	2	MCI-AD	0.169547	0.234757	0.056960	1	77.11	87.16	5	GG	0
477	037_S_0377	2	MCI-MCI	0.000960	-0.021610	0.015954	1	81.40	73.39	5	GG	0
619	031_S_0294	2	MCI-AD	0.022428	-0.007773	-0.013555	1	81.16	92.96	5	GG	0
476	024_S_0985	2	NL-AD	0.283104	0.238050	0.141337	1	83.52	63.02	5	AA	2
733	010_S_0419	1	NL-NL	0.025247	-0.010138	0.015406	1	73.29	78.23	5	GG	0
375	036_S_0945	2	MCI-AD	0.156036	0.156401	0.112399	1	74.24	86.61	5	GA	1
565	137_S_0994	2	MCI-AD	0.188300	0.174931	0.105898	2	57.55	69.92	5	AA	2
816	129_S_0778	2	MCI-AD	0.182546	0.188465	0.227378	1	74.97	85.83	5	AA	2
558	033_S_0734	1	NL-NL	0.072389	0.064421	0.044940	1	75.06	63.97	5	GA	1
753	128_S_0227	2	MCI-AD	0.132632	0.069350	0.091828	2	83.21	47.02	5	GA	1
266	129_S_1246	2	MCI-MCI	0.012840	0.018547	0.061151	1	74.90	70.10	5	GA	1
32	009_S_0751	1	NL-NL	0.022197	0.060237	0.017204	1	73.15	61.08	5	GA	1
686	130_S_0289	2	MCI-AD	0.011411	0.020921	0.011392	1	69.71	84.76	5	GG	0
663	130_S_0232	2	NL-MCI	-0.148510	-0.149663	-0.099589	1	80.39	94.33	5	GA	1
327	006_S_1130	2	MCI-AD	0.055941	0.068810	0.050660	2	73.60	53.34	5	GA	1
459	037_S_0566	2	MCI-AD	0.081460	0.073221	0.039618	1	80.50	80.40	5	GG	0
155	137_S_1414	2	MCI-MCI	0.036340	0.036748	-0.005856	1	76.41	109.17	5	AA	2
44	128_S_0200	2	MCI-MCI	0.088373	0.018450	0.033623	1	64.63	56.97	2	GA	1
675	128_S_0135	2	MCI-AD	0.110318	0.050374	0.097946	2	85.46	78.53	5	GA	1
