FID	IID	bin	cat	pp	pc	gc	sex	age	weight	race	rs1501228	rs1501228_code	rs12565755	rs12565755_code	rs12408850	rs12408850_code	rs1946867	rs1946867_code	rs3905886	rs3905886_code	rs9951577	rs9951577_code	rs4149286	rs4149286_code	rs343248	rs343248_code	rs4149284	rs4149284_code
794	037_S_0552	2	MCI-AD	2.482131	2.414850	2.167031	2	61.85	67.80	5	TT	0	CC	0	TT	0	AA	2	GA	1	AG	1	AA	0	TT	0	TT	0
710	128_S_0272	1	NL-NL	1.211088	1.363943	1.068032	2	72.67	73.07	5	TG	1	CC	0	TT	0	AA	2	GA	1	AG	1	AA	0	TT	0	TT	0
563	137_S_0972	2	NL-MCI	2.387688	2.302364	1.913131	1	80.00	74.07	5	TG	1	CT	1	TC	1	GA	1	GA	1	AG	1	AA	0	TT	0	TT	0
326	041_S_0679	2	MCI-MCI	1.210109	1.194223	1.143411	1	65.17	97.43	5	TT	0	CC	0	TT	0	AA	2	GA	1	GG	2	AA	0	TT	0	TT	0
196	037_S_0454	2	NL-MCI	1.222182	1.215721	1.213999	2	84.07	55.37	5	TT	0	CC	0	TT	0	GA	1	AA	2	AG	1	AA	0	TT	0	TT	0
689	037_S_1078	2	MCI-AD	3.085365	2.952782	2.602264	1	72.80	90.95	5	TT	0	CC	0	TT	0	GA	1	GG	0	AA	0	AA	0	TT	0	TT	0
392	128_S_1043	2	MCI-AD	2.014698	2.001711	1.502081	1	69.90	90.10	5	TG	1	CT	1	TC	1	GA	1	GA	1	AG	1	AA	0	TT	0	TT	0
261	137_S_0722	2	MCI-MCI	1.163212	1.202617	1.112702	1	71.85	102.25	5	TT	0	CC	0	TT	0	AA	2	GA	1	GG	2	AA	0	TT	0	TT	0
67	041_S_1418	2	MCI-MCI	1.447697	1.410280	1.230658	1	83.22	75.88	5	TT	0	CC	0	TT	0	AA	2	GA	1	GG	2	AA	0	TT	0	TT	0
697	128_S_0225	2	MCI-MCI	1.193977	1.355881	1.123649	2	84.70	67.43	5	TT	0	CC	0	TT	0	AA	2	GA	1	GG	2	AA	0	TT	0	TT	0
705	128_S_0863	1	NL-NL	2.425406	2.620151	1.986089	1	80.60	91.20	5	TG	1	CC	0	TT	0	GA	1	GA	1	AG	1	AA	0	TT	0	TT	0
356	005_S_0546	2	MCI-MCI	1.174283	1.298962	1.139233	1	82.30	97.95	5	TT	0	CC	0	TT	0	AA	2	GA	1	AG	1	AA	0	TT	0	TT	0
288	137_S_0800	2	MCI-MCI	2.931998	2.945341	2.463281	1	75.70	74.60	5	GG	2	TT	2	CC	2	GG	0	GG	0	AA	0	AA	0	TT	0	TT	0
604	032_S_0214	2	MCI-AD	3.171931	3.187505	2.440852	1	67.77	80.40	5	TG	1	CT	1	TC	1	GG	0	GG	0	AA	0	AA	0	TT	0	TT	0
260	006_S_0498	1	NL-NL	1.201122	1.219326	1.161336	1	72.35	82.95	5	TT	0	CC	0	TT	0	GA	1	GA	1	GG	2	AA	0	TT	0	TT	0
335	007_S_0101	2	MCI-AD	3.044352	3.167124	2.389257	1	76.25	91.60	5	TT	0	CC	0	TT	0	GG	0	GG	0	AA	0	AA	0	TT	0	TT	0
168	037_S_0150	2	MCI-MCI	3.033687	2.982822	2.537124	1	76.17	87.33	5	TG	1	CC	0	TC	1	GG	0	GG	0	AA	0	AA	0	TT	0	TT	0
477	037_S_0377	2	MCI-MCI	1.844743	1.941302	1.537212	1	82.20	72.05	5	TT	0	CT	1	TT	0	GA	1	GA	1	AG	1	AA	0	TT	0	TT	0
476	024_S_0985	2	NL-AD	2.123153	2.023353	1.941324	1	83.73	63.43	5	TG	1	CT	1	TC	1	GA	1	GG	0	AA	0	AA	0	TT	0	TT	0
733	010_S_0419	1	NL-NL	1.250349	1.395109	1.302376	1	72.50	76.80	5	TT	0	CC	0	TT	0	GA	1	GA	1	AG	1	AA	0	TT	0	TT	0
565	137_S_0994	2	MCI-AD	3.279538	3.232358	2.540350	2	57.30	70.17	5	GG	2	TT	2	CC	2	GA	1	GA	1	AG	1	AA	0	TT	0	TT	0
753	128_S_0227	2	MCI-AD	2.385887	2.409117	1.987636	2	81.93	61.50	5	TT	0	CC	0	TT	0	GA	1	GG	0	AA	0	AA	0	TT	0	TT	0
266	129_S_1246	2	MCI-MCI	3.321202	3.484745	2.670958	1	74.30	67.97	5	TT	0	CC	0	TT	0	GG	0	GG	0	AG	1	AA	0	TT	0	TT	0
327	006_S_1130	2	MCI-AD	2.629034	2.605043	2.311188	2	73.33	52.03	5	TT	0	CC	0	TT	0	GG	0	GG	0	AG	1	AA	0	TT	0	TT	0
459	037_S_0566	2	MCI-AD	3.034998	2.909871	2.300672	1	81.27	79.13	5	TT	0	CC	0	TT	0	GA	1	GG	0	AA	0	AA	0	TT	0	TT	0
155	137_S_1414	2	MCI-MCI	1.498506	1.623972	1.318057	1	75.40	109.17	5	TT	0	CC	0	TT	0	AA	2	GA	1	AG	1	AA	0	TT	0	TT	0
44	128_S_0200	2	MCI-MCI	1.124858	1.288486	1.034624	1	63.73	64.00	2	TT	0	CC	0	TT	0	AA	2	AA	2	GG	2	AA	0	TT	0	TT	0
675	128_S_0135	2	MCI-AD	1.265874	1.380113	1.132784	2	84.67	89.57	5	TT	0	CC	0	TT	0	AA	2	GA	1	AG	1	AA	0	TT	0	TT	0
